"Id","LandSlope","Gentle Slope","Moderate Slope","Severe Slope"
1,"Gentle Slope",1,0,0
2,"Gentle Slope",1,0,0
3,"Gentle Slope",1,0,0
4,"Gentle Slope",1,0,0
5,"Gentle Slope",1,0,0
6,"Gentle Slope",1,0,0
7,"Gentle Slope",1,0,0
8,"Gentle Slope",1,0,0
9,"Gentle Slope",1,0,0
10,"Gentle Slope",1,0,0
11,"Gentle Slope",1,0,0
12,"Gentle Slope",1,0,0
13,"Gentle Slope",1,0,0
14,"Gentle Slope",1,0,0
15,"Gentle Slope",1,0,0
16,"Gentle Slope",1,0,0
17,"Gentle Slope",1,0,0
18,"Gentle Slope",1,0,0
19,"Gentle Slope",1,0,0
20,"Gentle Slope",1,0,0
21,"Gentle Slope",1,0,0
22,"Gentle Slope",1,0,0
23,"Gentle Slope",1,0,0
24,"Gentle Slope",1,0,0
25,"Gentle Slope",1,0,0
26,"Gentle Slope",1,0,0
27,"Gentle Slope",1,0,0
28,"Gentle Slope",1,0,0
29,"Gentle Slope",1,0,0
30,"Gentle Slope",1,0,0
31,"Gentle Slope",1,0,0
32,"Gentle Slope",1,0,0
33,"Gentle Slope",1,0,0
34,"Gentle Slope",1,0,0
35,"Gentle Slope",1,0,0
36,"Gentle Slope",1,0,0
37,"Gentle Slope",1,0,0
38,"Gentle Slope",1,0,0
39,"Gentle Slope",1,0,0
40,"Gentle Slope",1,0,0
41,"Gentle Slope",1,0,0
42,"Gentle Slope",1,0,0
43,"Gentle Slope",1,0,0
44,"Gentle Slope",1,0,0
45,"Gentle Slope",1,0,0
46,"Gentle Slope",1,0,0
47,"Gentle Slope",1,0,0
48,"Gentle Slope",1,0,0
49,"Gentle Slope",1,0,0
50,"Gentle Slope",1,0,0
51,"Gentle Slope",1,0,0
52,"Gentle Slope",1,0,0
53,"Moderate Slope",0,1,0
54,"Gentle Slope",1,0,0
55,"Moderate Slope",0,1,0
56,"Gentle Slope",1,0,0
57,"Gentle Slope",1,0,0
58,"Gentle Slope",1,0,0
59,"Gentle Slope",1,0,0
60,"Gentle Slope",1,0,0
61,"Gentle Slope",1,0,0
62,"Gentle Slope",1,0,0
63,"Gentle Slope",1,0,0
64,"Gentle Slope",1,0,0
65,"Gentle Slope",1,0,0
66,"Gentle Slope",1,0,0
67,"Gentle Slope",1,0,0
68,"Gentle Slope",1,0,0
69,"Gentle Slope",1,0,0
70,"Gentle Slope",1,0,0
71,"Gentle Slope",1,0,0
72,"Gentle Slope",1,0,0
73,"Gentle Slope",1,0,0
74,"Gentle Slope",1,0,0
75,"Gentle Slope",1,0,0
76,"Gentle Slope",1,0,0
77,"Gentle Slope",1,0,0
78,"Gentle Slope",1,0,0
79,"Gentle Slope",1,0,0
80,"Gentle Slope",1,0,0
81,"Gentle Slope",1,0,0
82,"Gentle Slope",1,0,0
83,"Gentle Slope",1,0,0
84,"Gentle Slope",1,0,0
85,"Gentle Slope",1,0,0
86,"Gentle Slope",1,0,0
87,"Gentle Slope",1,0,0
88,"Gentle Slope",1,0,0
89,"Gentle Slope",1,0,0
90,"Gentle Slope",1,0,0
91,"Gentle Slope",1,0,0
92,"Gentle Slope",1,0,0
93,"Gentle Slope",1,0,0
94,"Gentle Slope",1,0,0
95,"Gentle Slope",1,0,0
96,"Gentle Slope",1,0,0
97,"Gentle Slope",1,0,0
98,"Gentle Slope",1,0,0
99,"Gentle Slope",1,0,0
100,"Gentle Slope",1,0,0
101,"Gentle Slope",1,0,0
102,"Gentle Slope",1,0,0
103,"Gentle Slope",1,0,0
104,"Gentle Slope",1,0,0
105,"Gentle Slope",1,0,0
106,"Gentle Slope",1,0,0
107,"Gentle Slope",1,0,0
108,"Gentle Slope",1,0,0
109,"Gentle Slope",1,0,0
110,"Gentle Slope",1,0,0
111,"Gentle Slope",1,0,0
112,"Gentle Slope",1,0,0
113,"Gentle Slope",1,0,0
114,"Gentle Slope",1,0,0
115,"Moderate Slope",0,1,0
116,"Gentle Slope",1,0,0
117,"Gentle Slope",1,0,0
118,"Gentle Slope",1,0,0
119,"Gentle Slope",1,0,0
120,"Gentle Slope",1,0,0
121,"Severe Slope",0,0,1
122,"Gentle Slope",1,0,0
123,"Gentle Slope",1,0,0
124,"Gentle Slope",1,0,0
125,"Gentle Slope",1,0,0
126,"Gentle Slope",1,0,0
127,"Gentle Slope",1,0,0
128,"Gentle Slope",1,0,0
129,"Gentle Slope",1,0,0
130,"Gentle Slope",1,0,0
131,"Gentle Slope",1,0,0
132,"Gentle Slope",1,0,0
133,"Gentle Slope",1,0,0
134,"Gentle Slope",1,0,0
135,"Gentle Slope",1,0,0
136,"Gentle Slope",1,0,0
137,"Gentle Slope",1,0,0
138,"Gentle Slope",1,0,0
139,"Gentle Slope",1,0,0
140,"Gentle Slope",1,0,0
141,"Gentle Slope",1,0,0
142,"Gentle Slope",1,0,0
143,"Gentle Slope",1,0,0
144,"Gentle Slope",1,0,0
145,"Gentle Slope",1,0,0
146,"Gentle Slope",1,0,0
147,"Gentle Slope",1,0,0
148,"Gentle Slope",1,0,0
149,"Gentle Slope",1,0,0
150,"Gentle Slope",1,0,0
151,"Gentle Slope",1,0,0
152,"Gentle Slope",1,0,0
153,"Gentle Slope",1,0,0
154,"Gentle Slope",1,0,0
155,"Gentle Slope",1,0,0
156,"Gentle Slope",1,0,0
157,"Gentle Slope",1,0,0
158,"Gentle Slope",1,0,0
159,"Gentle Slope",1,0,0
160,"Gentle Slope",1,0,0
161,"Gentle Slope",1,0,0
162,"Gentle Slope",1,0,0
163,"Gentle Slope",1,0,0
164,"Gentle Slope",1,0,0
165,"Gentle Slope",1,0,0
166,"Gentle Slope",1,0,0
167,"Gentle Slope",1,0,0
168,"Gentle Slope",1,0,0
169,"Gentle Slope",1,0,0
170,"Gentle Slope",1,0,0
171,"Gentle Slope",1,0,0
172,"Gentle Slope",1,0,0
173,"Gentle Slope",1,0,0
174,"Gentle Slope",1,0,0
175,"Gentle Slope",1,0,0
176,"Gentle Slope",1,0,0
177,"Gentle Slope",1,0,0
178,"Gentle Slope",1,0,0
179,"Gentle Slope",1,0,0
180,"Gentle Slope",1,0,0
181,"Gentle Slope",1,0,0
182,"Gentle Slope",1,0,0
183,"Gentle Slope",1,0,0
184,"Gentle Slope",1,0,0
185,"Gentle Slope",1,0,0
186,"Gentle Slope",1,0,0
187,"Gentle Slope",1,0,0
188,"Gentle Slope",1,0,0
189,"Gentle Slope",1,0,0
190,"Gentle Slope",1,0,0
191,"Moderate Slope",0,1,0
192,"Gentle Slope",1,0,0
193,"Gentle Slope",1,0,0
194,"Gentle Slope",1,0,0
195,"Gentle Slope",1,0,0
196,"Gentle Slope",1,0,0
197,"Gentle Slope",1,0,0
198,"Gentle Slope",1,0,0
199,"Gentle Slope",1,0,0
200,"Gentle Slope",1,0,0
201,"Gentle Slope",1,0,0
202,"Gentle Slope",1,0,0
203,"Gentle Slope",1,0,0
204,"Gentle Slope",1,0,0
205,"Gentle Slope",1,0,0
206,"Gentle Slope",1,0,0
207,"Gentle Slope",1,0,0
208,"Gentle Slope",1,0,0
209,"Moderate Slope",0,1,0
210,"Gentle Slope",1,0,0
211,"Gentle Slope",1,0,0
212,"Gentle Slope",1,0,0
213,"Gentle Slope",1,0,0
214,"Gentle Slope",1,0,0
215,"Gentle Slope",1,0,0
216,"Gentle Slope",1,0,0
217,"Gentle Slope",1,0,0
218,"Gentle Slope",1,0,0
219,"Gentle Slope",1,0,0
220,"Gentle Slope",1,0,0
221,"Gentle Slope",1,0,0
222,"Gentle Slope",1,0,0
223,"Gentle Slope",1,0,0
224,"Gentle Slope",1,0,0
225,"Gentle Slope",1,0,0
226,"Gentle Slope",1,0,0
227,"Gentle Slope",1,0,0
228,"Gentle Slope",1,0,0
229,"Gentle Slope",1,0,0
230,"Gentle Slope",1,0,0
231,"Gentle Slope",1,0,0
232,"Gentle Slope",1,0,0
233,"Gentle Slope",1,0,0
234,"Gentle Slope",1,0,0
235,"Gentle Slope",1,0,0
236,"Gentle Slope",1,0,0
237,"Gentle Slope",1,0,0
238,"Gentle Slope",1,0,0
239,"Gentle Slope",1,0,0
240,"Gentle Slope",1,0,0
241,"Gentle Slope",1,0,0
242,"Gentle Slope",1,0,0
243,"Gentle Slope",1,0,0
244,"Gentle Slope",1,0,0
245,"Gentle Slope",1,0,0
246,"Gentle Slope",1,0,0
247,"Gentle Slope",1,0,0
248,"Gentle Slope",1,0,0
249,"Gentle Slope",1,0,0
250,"Severe Slope",0,0,1
251,"Gentle Slope",1,0,0
252,"Moderate Slope",0,1,0
253,"Gentle Slope",1,0,0
254,"Gentle Slope",1,0,0
255,"Gentle Slope",1,0,0
256,"Gentle Slope",1,0,0
257,"Gentle Slope",1,0,0
258,"Gentle Slope",1,0,0
259,"Gentle Slope",1,0,0
260,"Gentle Slope",1,0,0
261,"Gentle Slope",1,0,0
262,"Gentle Slope",1,0,0
263,"Gentle Slope",1,0,0
264,"Gentle Slope",1,0,0
265,"Gentle Slope",1,0,0
266,"Gentle Slope",1,0,0
267,"Gentle Slope",1,0,0
268,"Moderate Slope",0,1,0
269,"Gentle Slope",1,0,0
270,"Gentle Slope",1,0,0
271,"Gentle Slope",1,0,0
272,"Severe Slope",0,0,1
273,"Gentle Slope",1,0,0
274,"Gentle Slope",1,0,0
275,"Gentle Slope",1,0,0
276,"Gentle Slope",1,0,0
277,"Gentle Slope",1,0,0
278,"Gentle Slope",1,0,0
279,"Gentle Slope",1,0,0
280,"Gentle Slope",1,0,0
281,"Gentle Slope",1,0,0
282,"Gentle Slope",1,0,0
283,"Gentle Slope",1,0,0
284,"Gentle Slope",1,0,0
285,"Gentle Slope",1,0,0
286,"Gentle Slope",1,0,0
287,"Gentle Slope",1,0,0
288,"Gentle Slope",1,0,0
289,"Gentle Slope",1,0,0
290,"Gentle Slope",1,0,0
291,"Gentle Slope",1,0,0
292,"Gentle Slope",1,0,0
293,"Gentle Slope",1,0,0
294,"Gentle Slope",1,0,0
295,"Gentle Slope",1,0,0
296,"Gentle Slope",1,0,0
297,"Gentle Slope",1,0,0
298,"Gentle Slope",1,0,0
299,"Gentle Slope",1,0,0
300,"Gentle Slope",1,0,0
301,"Gentle Slope",1,0,0
302,"Gentle Slope",1,0,0
303,"Gentle Slope",1,0,0
304,"Gentle Slope",1,0,0
305,"Gentle Slope",1,0,0
306,"Gentle Slope",1,0,0
307,"Gentle Slope",1,0,0
308,"Gentle Slope",1,0,0
309,"Gentle Slope",1,0,0
310,"Gentle Slope",1,0,0
311,"Gentle Slope",1,0,0
312,"Gentle Slope",1,0,0
313,"Gentle Slope",1,0,0
314,"Severe Slope",0,0,1
315,"Gentle Slope",1,0,0
316,"Gentle Slope",1,0,0
317,"Gentle Slope",1,0,0
318,"Gentle Slope",1,0,0
319,"Moderate Slope",0,1,0
320,"Gentle Slope",1,0,0
321,"Gentle Slope",1,0,0
322,"Gentle Slope",1,0,0
323,"Gentle Slope",1,0,0
324,"Gentle Slope",1,0,0
325,"Gentle Slope",1,0,0
326,"Gentle Slope",1,0,0
327,"Gentle Slope",1,0,0
328,"Gentle Slope",1,0,0
329,"Gentle Slope",1,0,0
330,"Gentle Slope",1,0,0
331,"Gentle Slope",1,0,0
332,"Gentle Slope",1,0,0
333,"Gentle Slope",1,0,0
334,"Gentle Slope",1,0,0
335,"Gentle Slope",1,0,0
336,"Severe Slope",0,0,1
337,"Gentle Slope",1,0,0
338,"Gentle Slope",1,0,0
339,"Gentle Slope",1,0,0
340,"Gentle Slope",1,0,0
341,"Gentle Slope",1,0,0
342,"Gentle Slope",1,0,0
343,"Gentle Slope",1,0,0
344,"Gentle Slope",1,0,0
345,"Gentle Slope",1,0,0
346,"Gentle Slope",1,0,0
347,"Gentle Slope",1,0,0
348,"Gentle Slope",1,0,0
349,"Gentle Slope",1,0,0
350,"Gentle Slope",1,0,0
351,"Gentle Slope",1,0,0
352,"Moderate Slope",0,1,0
353,"Gentle Slope",1,0,0
354,"Gentle Slope",1,0,0
355,"Gentle Slope",1,0,0
356,"Gentle Slope",1,0,0
357,"Gentle Slope",1,0,0
358,"Gentle Slope",1,0,0
359,"Gentle Slope",1,0,0
360,"Gentle Slope",1,0,0
361,"Gentle Slope",1,0,0
362,"Gentle Slope",1,0,0
363,"Gentle Slope",1,0,0
364,"Gentle Slope",1,0,0
365,"Gentle Slope",1,0,0
366,"Gentle Slope",1,0,0
367,"Gentle Slope",1,0,0
368,"Gentle Slope",1,0,0
369,"Gentle Slope",1,0,0
370,"Gentle Slope",1,0,0
371,"Gentle Slope",1,0,0
372,"Gentle Slope",1,0,0
373,"Gentle Slope",1,0,0
374,"Gentle Slope",1,0,0
375,"Gentle Slope",1,0,0
376,"Severe Slope",0,0,1
377,"Gentle Slope",1,0,0
378,"Gentle Slope",1,0,0
379,"Gentle Slope",1,0,0
380,"Gentle Slope",1,0,0
381,"Gentle Slope",1,0,0
382,"Gentle Slope",1,0,0
383,"Gentle Slope",1,0,0
384,"Gentle Slope",1,0,0
385,"Moderate Slope",0,1,0
386,"Gentle Slope",1,0,0
387,"Gentle Slope",1,0,0
388,"Gentle Slope",1,0,0
389,"Gentle Slope",1,0,0
390,"Gentle Slope",1,0,0
391,"Gentle Slope",1,0,0
392,"Gentle Slope",1,0,0
393,"Gentle Slope",1,0,0
394,"Gentle Slope",1,0,0
395,"Gentle Slope",1,0,0
396,"Gentle Slope",1,0,0
397,"Gentle Slope",1,0,0
398,"Gentle Slope",1,0,0
399,"Gentle Slope",1,0,0
400,"Gentle Slope",1,0,0
401,"Gentle Slope",1,0,0
402,"Gentle Slope",1,0,0
403,"Gentle Slope",1,0,0
404,"Gentle Slope",1,0,0
405,"Gentle Slope",1,0,0
406,"Gentle Slope",1,0,0
407,"Gentle Slope",1,0,0
408,"Gentle Slope",1,0,0
409,"Gentle Slope",1,0,0
410,"Gentle Slope",1,0,0
411,"Gentle Slope",1,0,0
412,"Gentle Slope",1,0,0
413,"Gentle Slope",1,0,0
414,"Gentle Slope",1,0,0
415,"Gentle Slope",1,0,0
416,"Gentle Slope",1,0,0
417,"Gentle Slope",1,0,0
418,"Gentle Slope",1,0,0
419,"Gentle Slope",1,0,0
420,"Gentle Slope",1,0,0
421,"Gentle Slope",1,0,0
422,"Gentle Slope",1,0,0
423,"Moderate Slope",0,1,0
424,"Gentle Slope",1,0,0
425,"Gentle Slope",1,0,0
426,"Gentle Slope",1,0,0
427,"Moderate Slope",0,1,0
428,"Gentle Slope",1,0,0
429,"Gentle Slope",1,0,0
430,"Gentle Slope",1,0,0
431,"Gentle Slope",1,0,0
432,"Gentle Slope",1,0,0
433,"Gentle Slope",1,0,0
434,"Gentle Slope",1,0,0
435,"Gentle Slope",1,0,0
436,"Gentle Slope",1,0,0
437,"Gentle Slope",1,0,0
438,"Gentle Slope",1,0,0
439,"Gentle Slope",1,0,0
440,"Gentle Slope",1,0,0
441,"Gentle Slope",1,0,0
442,"Gentle Slope",1,0,0
443,"Gentle Slope",1,0,0
444,"Gentle Slope",1,0,0
445,"Gentle Slope",1,0,0
446,"Gentle Slope",1,0,0
447,"Gentle Slope",1,0,0
448,"Gentle Slope",1,0,0
449,"Gentle Slope",1,0,0
450,"Gentle Slope",1,0,0
451,"Gentle Slope",1,0,0
452,"Moderate Slope",0,1,0
453,"Gentle Slope",1,0,0
454,"Gentle Slope",1,0,0
455,"Gentle Slope",1,0,0
456,"Gentle Slope",1,0,0
457,"Gentle Slope",1,0,0
458,"Moderate Slope",0,1,0
459,"Gentle Slope",1,0,0
460,"Gentle Slope",1,0,0
461,"Gentle Slope",1,0,0
462,"Gentle Slope",1,0,0
463,"Gentle Slope",1,0,0
464,"Moderate Slope",0,1,0
465,"Moderate Slope",0,1,0
466,"Gentle Slope",1,0,0
467,"Gentle Slope",1,0,0
468,"Gentle Slope",1,0,0
469,"Gentle Slope",1,0,0
470,"Gentle Slope",1,0,0
471,"Gentle Slope",1,0,0
472,"Gentle Slope",1,0,0
473,"Gentle Slope",1,0,0
474,"Gentle Slope",1,0,0
475,"Gentle Slope",1,0,0
476,"Gentle Slope",1,0,0
477,"Moderate Slope",0,1,0
478,"Gentle Slope",1,0,0
479,"Gentle Slope",1,0,0
480,"Gentle Slope",1,0,0
481,"Gentle Slope",1,0,0
482,"Gentle Slope",1,0,0
483,"Gentle Slope",1,0,0
484,"Gentle Slope",1,0,0
485,"Gentle Slope",1,0,0
486,"Gentle Slope",1,0,0
487,"Gentle Slope",1,0,0
488,"Gentle Slope",1,0,0
489,"Gentle Slope",1,0,0
490,"Gentle Slope",1,0,0
491,"Gentle Slope",1,0,0
492,"Gentle Slope",1,0,0
493,"Gentle Slope",1,0,0
494,"Gentle Slope",1,0,0
495,"Gentle Slope",1,0,0
496,"Gentle Slope",1,0,0
497,"Gentle Slope",1,0,0
498,"Gentle Slope",1,0,0
499,"Gentle Slope",1,0,0
500,"Gentle Slope",1,0,0
501,"Gentle Slope",1,0,0
502,"Gentle Slope",1,0,0
503,"Gentle Slope",1,0,0
504,"Gentle Slope",1,0,0
505,"Gentle Slope",1,0,0
506,"Gentle Slope",1,0,0
507,"Gentle Slope",1,0,0
508,"Gentle Slope",1,0,0
509,"Gentle Slope",1,0,0
510,"Gentle Slope",1,0,0
511,"Gentle Slope",1,0,0
512,"Gentle Slope",1,0,0
513,"Gentle Slope",1,0,0
514,"Gentle Slope",1,0,0
515,"Gentle Slope",1,0,0
516,"Gentle Slope",1,0,0
517,"Gentle Slope",1,0,0
518,"Gentle Slope",1,0,0
519,"Gentle Slope",1,0,0
520,"Gentle Slope",1,0,0
521,"Gentle Slope",1,0,0
522,"Gentle Slope",1,0,0
523,"Gentle Slope",1,0,0
524,"Gentle Slope",1,0,0
525,"Gentle Slope",1,0,0
526,"Gentle Slope",1,0,0
527,"Gentle Slope",1,0,0
528,"Gentle Slope",1,0,0
529,"Gentle Slope",1,0,0
530,"Gentle Slope",1,0,0
531,"Gentle Slope",1,0,0
532,"Gentle Slope",1,0,0
533,"Gentle Slope",1,0,0
534,"Moderate Slope",0,1,0
535,"Gentle Slope",1,0,0
536,"Gentle Slope",1,0,0
537,"Gentle Slope",1,0,0
538,"Gentle Slope",1,0,0
539,"Gentle Slope",1,0,0
540,"Gentle Slope",1,0,0
541,"Gentle Slope",1,0,0
542,"Gentle Slope",1,0,0
543,"Gentle Slope",1,0,0
544,"Gentle Slope",1,0,0
545,"Gentle Slope",1,0,0
546,"Gentle Slope",1,0,0
547,"Gentle Slope",1,0,0
548,"Gentle Slope",1,0,0
549,"Gentle Slope",1,0,0
550,"Gentle Slope",1,0,0
551,"Gentle Slope",1,0,0
552,"Gentle Slope",1,0,0
553,"Gentle Slope",1,0,0
554,"Gentle Slope",1,0,0
555,"Gentle Slope",1,0,0
556,"Gentle Slope",1,0,0
557,"Gentle Slope",1,0,0
558,"Moderate Slope",0,1,0
559,"Gentle Slope",1,0,0
560,"Gentle Slope",1,0,0
561,"Gentle Slope",1,0,0
562,"Moderate Slope",0,1,0
563,"Gentle Slope",1,0,0
564,"Gentle Slope",1,0,0
565,"Gentle Slope",1,0,0
566,"Gentle Slope",1,0,0
567,"Gentle Slope",1,0,0
568,"Gentle Slope",1,0,0
569,"Moderate Slope",0,1,0
570,"Gentle Slope",1,0,0
571,"Gentle Slope",1,0,0
572,"Gentle Slope",1,0,0
573,"Gentle Slope",1,0,0
574,"Gentle Slope",1,0,0
575,"Gentle Slope",1,0,0
576,"Gentle Slope",1,0,0
577,"Gentle Slope",1,0,0
578,"Gentle Slope",1,0,0
579,"Gentle Slope",1,0,0
580,"Gentle Slope",1,0,0
581,"Gentle Slope",1,0,0
582,"Gentle Slope",1,0,0
583,"Gentle Slope",1,0,0
584,"Gentle Slope",1,0,0
585,"Gentle Slope",1,0,0
586,"Gentle Slope",1,0,0
587,"Gentle Slope",1,0,0
588,"Gentle Slope",1,0,0
589,"Severe Slope",0,0,1
590,"Gentle Slope",1,0,0
591,"Gentle Slope",1,0,0
592,"Gentle Slope",1,0,0
593,"Gentle Slope",1,0,0
594,"Gentle Slope",1,0,0
595,"Gentle Slope",1,0,0
596,"Gentle Slope",1,0,0
597,"Gentle Slope",1,0,0
598,"Gentle Slope",1,0,0
599,"Gentle Slope",1,0,0
600,"Gentle Slope",1,0,0
601,"Gentle Slope",1,0,0
602,"Gentle Slope",1,0,0
603,"Gentle Slope",1,0,0
604,"Gentle Slope",1,0,0
605,"Gentle Slope",1,0,0
606,"Gentle Slope",1,0,0
607,"Moderate Slope",0,1,0
608,"Moderate Slope",0,1,0
609,"Moderate Slope",0,1,0
610,"Gentle Slope",1,0,0
611,"Gentle Slope",1,0,0
612,"Gentle Slope",1,0,0
613,"Gentle Slope",1,0,0
614,"Gentle Slope",1,0,0
615,"Gentle Slope",1,0,0
616,"Gentle Slope",1,0,0
617,"Gentle Slope",1,0,0
618,"Moderate Slope",0,1,0
619,"Gentle Slope",1,0,0
620,"Gentle Slope",1,0,0
621,"Gentle Slope",1,0,0
622,"Gentle Slope",1,0,0
623,"Gentle Slope",1,0,0
624,"Gentle Slope",1,0,0
625,"Gentle Slope",1,0,0
626,"Gentle Slope",1,0,0
627,"Gentle Slope",1,0,0
628,"Gentle Slope",1,0,0
629,"Severe Slope",0,0,1
630,"Gentle Slope",1,0,0
631,"Gentle Slope",1,0,0
632,"Gentle Slope",1,0,0
633,"Gentle Slope",1,0,0
634,"Gentle Slope",1,0,0
635,"Gentle Slope",1,0,0
636,"Gentle Slope",1,0,0
637,"Gentle Slope",1,0,0
638,"Gentle Slope",1,0,0
639,"Gentle Slope",1,0,0
640,"Gentle Slope",1,0,0
641,"Gentle Slope",1,0,0
642,"Gentle Slope",1,0,0
643,"Gentle Slope",1,0,0
644,"Gentle Slope",1,0,0
645,"Gentle Slope",1,0,0
646,"Gentle Slope",1,0,0
647,"Gentle Slope",1,0,0
648,"Gentle Slope",1,0,0
649,"Gentle Slope",1,0,0
650,"Gentle Slope",1,0,0
651,"Gentle Slope",1,0,0
652,"Gentle Slope",1,0,0
653,"Gentle Slope",1,0,0
654,"Gentle Slope",1,0,0
655,"Gentle Slope",1,0,0
656,"Gentle Slope",1,0,0
657,"Gentle Slope",1,0,0
658,"Moderate Slope",0,1,0
659,"Gentle Slope",1,0,0
660,"Gentle Slope",1,0,0
661,"Gentle Slope",1,0,0
662,"Gentle Slope",1,0,0
663,"Gentle Slope",1,0,0
664,"Gentle Slope",1,0,0
665,"Gentle Slope",1,0,0
666,"Gentle Slope",1,0,0
667,"Gentle Slope",1,0,0
668,"Gentle Slope",1,0,0
669,"Moderate Slope",0,1,0
670,"Gentle Slope",1,0,0
671,"Gentle Slope",1,0,0
672,"Gentle Slope",1,0,0
673,"Gentle Slope",1,0,0
674,"Gentle Slope",1,0,0
675,"Gentle Slope",1,0,0
676,"Gentle Slope",1,0,0
677,"Gentle Slope",1,0,0
678,"Gentle Slope",1,0,0
679,"Gentle Slope",1,0,0
680,"Gentle Slope",1,0,0
681,"Gentle Slope",1,0,0
682,"Gentle Slope",1,0,0
683,"Gentle Slope",1,0,0
684,"Gentle Slope",1,0,0
685,"Gentle Slope",1,0,0
686,"Gentle Slope",1,0,0
687,"Gentle Slope",1,0,0
688,"Gentle Slope",1,0,0
689,"Gentle Slope",1,0,0
690,"Gentle Slope",1,0,0
691,"Gentle Slope",1,0,0
692,"Gentle Slope",1,0,0
693,"Moderate Slope",0,1,0
694,"Severe Slope",0,0,1
695,"Gentle Slope",1,0,0
696,"Gentle Slope",1,0,0
697,"Gentle Slope",1,0,0
698,"Gentle Slope",1,0,0
699,"Gentle Slope",1,0,0
700,"Gentle Slope",1,0,0
701,"Gentle Slope",1,0,0
702,"Gentle Slope",1,0,0
703,"Gentle Slope",1,0,0
704,"Gentle Slope",1,0,0
705,"Gentle Slope",1,0,0
706,"Gentle Slope",1,0,0
707,"Severe Slope",0,0,1
708,"Gentle Slope",1,0,0
709,"Gentle Slope",1,0,0
710,"Gentle Slope",1,0,0
711,"Gentle Slope",1,0,0
712,"Moderate Slope",0,1,0
713,"Gentle Slope",1,0,0
714,"Gentle Slope",1,0,0
715,"Gentle Slope",1,0,0
716,"Gentle Slope",1,0,0
717,"Gentle Slope",1,0,0
718,"Gentle Slope",1,0,0
719,"Gentle Slope",1,0,0
720,"Gentle Slope",1,0,0
721,"Moderate Slope",0,1,0
722,"Gentle Slope",1,0,0
723,"Gentle Slope",1,0,0
724,"Gentle Slope",1,0,0
725,"Gentle Slope",1,0,0
726,"Gentle Slope",1,0,0
727,"Gentle Slope",1,0,0
728,"Gentle Slope",1,0,0
729,"Gentle Slope",1,0,0
730,"Gentle Slope",1,0,0
731,"Gentle Slope",1,0,0
732,"Gentle Slope",1,0,0
733,"Gentle Slope",1,0,0
734,"Gentle Slope",1,0,0
735,"Gentle Slope",1,0,0
736,"Gentle Slope",1,0,0
737,"Gentle Slope",1,0,0
738,"Gentle Slope",1,0,0
739,"Gentle Slope",1,0,0
740,"Gentle Slope",1,0,0
741,"Gentle Slope",1,0,0
742,"Gentle Slope",1,0,0
743,"Gentle Slope",1,0,0
744,"Gentle Slope",1,0,0
745,"Gentle Slope",1,0,0
746,"Gentle Slope",1,0,0
747,"Gentle Slope",1,0,0
748,"Gentle Slope",1,0,0
749,"Gentle Slope",1,0,0
750,"Gentle Slope",1,0,0
751,"Gentle Slope",1,0,0
752,"Gentle Slope",1,0,0
753,"Gentle Slope",1,0,0
754,"Gentle Slope",1,0,0
755,"Gentle Slope",1,0,0
756,"Gentle Slope",1,0,0
757,"Gentle Slope",1,0,0
758,"Gentle Slope",1,0,0
759,"Gentle Slope",1,0,0
760,"Gentle Slope",1,0,0
761,"Gentle Slope",1,0,0
762,"Gentle Slope",1,0,0
763,"Gentle Slope",1,0,0
764,"Gentle Slope",1,0,0
765,"Gentle Slope",1,0,0
766,"Gentle Slope",1,0,0
767,"Gentle Slope",1,0,0
768,"Gentle Slope",1,0,0
769,"Gentle Slope",1,0,0
770,"Moderate Slope",0,1,0
771,"Gentle Slope",1,0,0
772,"Gentle Slope",1,0,0
773,"Gentle Slope",1,0,0
774,"Gentle Slope",1,0,0
775,"Gentle Slope",1,0,0
776,"Gentle Slope",1,0,0
777,"Gentle Slope",1,0,0
778,"Gentle Slope",1,0,0
779,"Gentle Slope",1,0,0
780,"Gentle Slope",1,0,0
781,"Gentle Slope",1,0,0
782,"Gentle Slope",1,0,0
783,"Gentle Slope",1,0,0
784,"Gentle Slope",1,0,0
785,"Gentle Slope",1,0,0
786,"Gentle Slope",1,0,0
787,"Gentle Slope",1,0,0
788,"Gentle Slope",1,0,0
789,"Gentle Slope",1,0,0
790,"Gentle Slope",1,0,0
791,"Gentle Slope",1,0,0
792,"Gentle Slope",1,0,0
793,"Gentle Slope",1,0,0
794,"Gentle Slope",1,0,0
795,"Gentle Slope",1,0,0
796,"Gentle Slope",1,0,0
797,"Gentle Slope",1,0,0
798,"Gentle Slope",1,0,0
799,"Gentle Slope",1,0,0
800,"Gentle Slope",1,0,0
801,"Moderate Slope",0,1,0
802,"Gentle Slope",1,0,0
803,"Gentle Slope",1,0,0
804,"Gentle Slope",1,0,0
805,"Gentle Slope",1,0,0
806,"Gentle Slope",1,0,0
807,"Gentle Slope",1,0,0
808,"Gentle Slope",1,0,0
809,"Gentle Slope",1,0,0
810,"Gentle Slope",1,0,0
811,"Gentle Slope",1,0,0
812,"Gentle Slope",1,0,0
813,"Moderate Slope",0,1,0
814,"Gentle Slope",1,0,0
815,"Gentle Slope",1,0,0
816,"Gentle Slope",1,0,0
817,"Gentle Slope",1,0,0
818,"Gentle Slope",1,0,0
819,"Gentle Slope",1,0,0
820,"Gentle Slope",1,0,0
821,"Gentle Slope",1,0,0
822,"Moderate Slope",0,1,0
823,"Gentle Slope",1,0,0
824,"Gentle Slope",1,0,0
825,"Gentle Slope",1,0,0
826,"Gentle Slope",1,0,0
827,"Gentle Slope",1,0,0
828,"Gentle Slope",1,0,0
829,"Severe Slope",0,0,1
830,"Gentle Slope",1,0,0
831,"Gentle Slope",1,0,0
832,"Gentle Slope",1,0,0
833,"Gentle Slope",1,0,0
834,"Gentle Slope",1,0,0
835,"Gentle Slope",1,0,0
836,"Gentle Slope",1,0,0
837,"Gentle Slope",1,0,0
838,"Gentle Slope",1,0,0
839,"Gentle Slope",1,0,0
840,"Gentle Slope",1,0,0
841,"Gentle Slope",1,0,0
842,"Gentle Slope",1,0,0
843,"Gentle Slope",1,0,0
844,"Gentle Slope",1,0,0
845,"Gentle Slope",1,0,0
846,"Gentle Slope",1,0,0
847,"Gentle Slope",1,0,0
848,"Gentle Slope",1,0,0
849,"Gentle Slope",1,0,0
850,"Gentle Slope",1,0,0
851,"Gentle Slope",1,0,0
852,"Gentle Slope",1,0,0
853,"Gentle Slope",1,0,0
854,"Gentle Slope",1,0,0
855,"Gentle Slope",1,0,0
856,"Gentle Slope",1,0,0
857,"Moderate Slope",0,1,0
858,"Gentle Slope",1,0,0
859,"Gentle Slope",1,0,0
860,"Gentle Slope",1,0,0
861,"Gentle Slope",1,0,0
862,"Gentle Slope",1,0,0
863,"Gentle Slope",1,0,0
864,"Gentle Slope",1,0,0
865,"Gentle Slope",1,0,0
866,"Gentle Slope",1,0,0
867,"Gentle Slope",1,0,0
868,"Gentle Slope",1,0,0
869,"Gentle Slope",1,0,0
870,"Gentle Slope",1,0,0
871,"Gentle Slope",1,0,0
872,"Gentle Slope",1,0,0
873,"Gentle Slope",1,0,0
874,"Gentle Slope",1,0,0
875,"Gentle Slope",1,0,0
876,"Gentle Slope",1,0,0
877,"Moderate Slope",0,1,0
878,"Gentle Slope",1,0,0
879,"Gentle Slope",1,0,0
880,"Gentle Slope",1,0,0
881,"Gentle Slope",1,0,0
882,"Gentle Slope",1,0,0
883,"Gentle Slope",1,0,0
884,"Gentle Slope",1,0,0
885,"Gentle Slope",1,0,0
886,"Gentle Slope",1,0,0
887,"Gentle Slope",1,0,0
888,"Gentle Slope",1,0,0
889,"Moderate Slope",0,1,0
890,"Gentle Slope",1,0,0
891,"Gentle Slope",1,0,0
892,"Gentle Slope",1,0,0
893,"Gentle Slope",1,0,0
894,"Gentle Slope",1,0,0
895,"Gentle Slope",1,0,0
896,"Gentle Slope",1,0,0
897,"Gentle Slope",1,0,0
898,"Gentle Slope",1,0,0
899,"Gentle Slope",1,0,0
900,"Gentle Slope",1,0,0
901,"Gentle Slope",1,0,0
902,"Gentle Slope",1,0,0
903,"Gentle Slope",1,0,0
904,"Gentle Slope",1,0,0
905,"Gentle Slope",1,0,0
906,"Gentle Slope",1,0,0
907,"Gentle Slope",1,0,0
908,"Gentle Slope",1,0,0
909,"Moderate Slope",0,1,0
910,"Gentle Slope",1,0,0
911,"Gentle Slope",1,0,0
912,"Moderate Slope",0,1,0
913,"Gentle Slope",1,0,0
914,"Gentle Slope",1,0,0
915,"Gentle Slope",1,0,0
916,"Gentle Slope",1,0,0
917,"Gentle Slope",1,0,0
918,"Gentle Slope",1,0,0
919,"Gentle Slope",1,0,0
920,"Gentle Slope",1,0,0
921,"Gentle Slope",1,0,0
922,"Gentle Slope",1,0,0
923,"Gentle Slope",1,0,0
924,"Gentle Slope",1,0,0
925,"Gentle Slope",1,0,0
926,"Gentle Slope",1,0,0
927,"Gentle Slope",1,0,0
928,"Gentle Slope",1,0,0
929,"Gentle Slope",1,0,0
930,"Gentle Slope",1,0,0
931,"Gentle Slope",1,0,0
932,"Gentle Slope",1,0,0
933,"Gentle Slope",1,0,0
934,"Gentle Slope",1,0,0
935,"Moderate Slope",0,1,0
936,"Gentle Slope",1,0,0
937,"Gentle Slope",1,0,0
938,"Gentle Slope",1,0,0
939,"Gentle Slope",1,0,0
940,"Gentle Slope",1,0,0
941,"Gentle Slope",1,0,0
942,"Gentle Slope",1,0,0
943,"Gentle Slope",1,0,0
944,"Gentle Slope",1,0,0
945,"Gentle Slope",1,0,0
946,"Gentle Slope",1,0,0
947,"Gentle Slope",1,0,0
948,"Gentle Slope",1,0,0
949,"Gentle Slope",1,0,0
950,"Gentle Slope",1,0,0
951,"Gentle Slope",1,0,0
952,"Gentle Slope",1,0,0
953,"Gentle Slope",1,0,0
954,"Moderate Slope",0,1,0
955,"Gentle Slope",1,0,0
956,"Gentle Slope",1,0,0
957,"Gentle Slope",1,0,0
958,"Gentle Slope",1,0,0
959,"Gentle Slope",1,0,0
960,"Gentle Slope",1,0,0
961,"Gentle Slope",1,0,0
962,"Gentle Slope",1,0,0
963,"Gentle Slope",1,0,0
964,"Gentle Slope",1,0,0
965,"Gentle Slope",1,0,0
966,"Gentle Slope",1,0,0
967,"Gentle Slope",1,0,0
968,"Gentle Slope",1,0,0
969,"Gentle Slope",1,0,0
970,"Gentle Slope",1,0,0
971,"Gentle Slope",1,0,0
972,"Gentle Slope",1,0,0
973,"Gentle Slope",1,0,0
974,"Gentle Slope",1,0,0
975,"Gentle Slope",1,0,0
976,"Gentle Slope",1,0,0
977,"Gentle Slope",1,0,0
978,"Gentle Slope",1,0,0
979,"Moderate Slope",0,1,0
980,"Gentle Slope",1,0,0
981,"Gentle Slope",1,0,0
982,"Gentle Slope",1,0,0
983,"Gentle Slope",1,0,0
984,"Gentle Slope",1,0,0
985,"Gentle Slope",1,0,0
986,"Gentle Slope",1,0,0
987,"Gentle Slope",1,0,0
988,"Gentle Slope",1,0,0
989,"Gentle Slope",1,0,0
990,"Gentle Slope",1,0,0
991,"Gentle Slope",1,0,0
992,"Gentle Slope",1,0,0
993,"Moderate Slope",0,1,0
994,"Gentle Slope",1,0,0
995,"Gentle Slope",1,0,0
996,"Moderate Slope",0,1,0
997,"Gentle Slope",1,0,0
998,"Gentle Slope",1,0,0
999,"Gentle Slope",1,0,0
1000,"Gentle Slope",1,0,0
1001,"Gentle Slope",1,0,0
1002,"Gentle Slope",1,0,0
1003,"Gentle Slope",1,0,0
1004,"Gentle Slope",1,0,0
1005,"Gentle Slope",1,0,0
1006,"Gentle Slope",1,0,0
1007,"Gentle Slope",1,0,0
1008,"Gentle Slope",1,0,0
1009,"Gentle Slope",1,0,0
1010,"Gentle Slope",1,0,0
1011,"Gentle Slope",1,0,0
1012,"Gentle Slope",1,0,0
1013,"Gentle Slope",1,0,0
1014,"Gentle Slope",1,0,0
1015,"Gentle Slope",1,0,0
1016,"Gentle Slope",1,0,0
1017,"Gentle Slope",1,0,0
1018,"Gentle Slope",1,0,0
1019,"Gentle Slope",1,0,0
1020,"Gentle Slope",1,0,0
1021,"Gentle Slope",1,0,0
1022,"Gentle Slope",1,0,0
1023,"Gentle Slope",1,0,0
1024,"Gentle Slope",1,0,0
1025,"Gentle Slope",1,0,0
1026,"Gentle Slope",1,0,0
1027,"Gentle Slope",1,0,0
1028,"Gentle Slope",1,0,0
1029,"Gentle Slope",1,0,0
1030,"Gentle Slope",1,0,0
1031,"Gentle Slope",1,0,0
1032,"Gentle Slope",1,0,0
1033,"Gentle Slope",1,0,0
1034,"Gentle Slope",1,0,0
1035,"Gentle Slope",1,0,0
1036,"Gentle Slope",1,0,0
1037,"Gentle Slope",1,0,0
1038,"Gentle Slope",1,0,0
1039,"Gentle Slope",1,0,0
1040,"Gentle Slope",1,0,0
1041,"Gentle Slope",1,0,0
1042,"Gentle Slope",1,0,0
1043,"Gentle Slope",1,0,0
1044,"Gentle Slope",1,0,0
1045,"Gentle Slope",1,0,0
1046,"Gentle Slope",1,0,0
1047,"Gentle Slope",1,0,0
1048,"Gentle Slope",1,0,0
1049,"Gentle Slope",1,0,0
1050,"Gentle Slope",1,0,0
1051,"Gentle Slope",1,0,0
1052,"Gentle Slope",1,0,0
1053,"Gentle Slope",1,0,0
1054,"Moderate Slope",0,1,0
1055,"Gentle Slope",1,0,0
1056,"Gentle Slope",1,0,0
1057,"Gentle Slope",1,0,0
1058,"Gentle Slope",1,0,0
1059,"Gentle Slope",1,0,0
1060,"Moderate Slope",0,1,0
1061,"Gentle Slope",1,0,0
1062,"Gentle Slope",1,0,0
1063,"Gentle Slope",1,0,0
1064,"Gentle Slope",1,0,0
1065,"Gentle Slope",1,0,0
1066,"Moderate Slope",0,1,0
1067,"Gentle Slope",1,0,0
1068,"Moderate Slope",0,1,0
1069,"Gentle Slope",1,0,0
1070,"Gentle Slope",1,0,0
1071,"Gentle Slope",1,0,0
1072,"Gentle Slope",1,0,0
1073,"Gentle Slope",1,0,0
1074,"Gentle Slope",1,0,0
1075,"Gentle Slope",1,0,0
1076,"Gentle Slope",1,0,0
1077,"Gentle Slope",1,0,0
1078,"Gentle Slope",1,0,0
1079,"Gentle Slope",1,0,0
1080,"Gentle Slope",1,0,0
1081,"Gentle Slope",1,0,0
1082,"Gentle Slope",1,0,0
1083,"Gentle Slope",1,0,0
1084,"Gentle Slope",1,0,0
1085,"Gentle Slope",1,0,0
1086,"Gentle Slope",1,0,0
1087,"Gentle Slope",1,0,0
1088,"Gentle Slope",1,0,0
1089,"Gentle Slope",1,0,0
1090,"Gentle Slope",1,0,0
1091,"Gentle Slope",1,0,0
1092,"Gentle Slope",1,0,0
1093,"Gentle Slope",1,0,0
1094,"Gentle Slope",1,0,0
1095,"Gentle Slope",1,0,0
1096,"Gentle Slope",1,0,0
1097,"Gentle Slope",1,0,0
1098,"Gentle Slope",1,0,0
1099,"Gentle Slope",1,0,0
1100,"Gentle Slope",1,0,0
1101,"Gentle Slope",1,0,0
1102,"Gentle Slope",1,0,0
1103,"Gentle Slope",1,0,0
1104,"Gentle Slope",1,0,0
1105,"Gentle Slope",1,0,0
1106,"Gentle Slope",1,0,0
1107,"Gentle Slope",1,0,0
1108,"Gentle Slope",1,0,0
1109,"Gentle Slope",1,0,0
1110,"Gentle Slope",1,0,0
1111,"Gentle Slope",1,0,0
1112,"Gentle Slope",1,0,0
1113,"Gentle Slope",1,0,0
1114,"Gentle Slope",1,0,0
1115,"Gentle Slope",1,0,0
1116,"Gentle Slope",1,0,0
1117,"Gentle Slope",1,0,0
1118,"Gentle Slope",1,0,0
1119,"Gentle Slope",1,0,0
1120,"Gentle Slope",1,0,0
1121,"Moderate Slope",0,1,0
1122,"Gentle Slope",1,0,0
1123,"Gentle Slope",1,0,0
1124,"Gentle Slope",1,0,0
1125,"Gentle Slope",1,0,0
1126,"Gentle Slope",1,0,0
1127,"Gentle Slope",1,0,0
1128,"Gentle Slope",1,0,0
1129,"Gentle Slope",1,0,0
1130,"Gentle Slope",1,0,0
1131,"Gentle Slope",1,0,0
1132,"Gentle Slope",1,0,0
1133,"Gentle Slope",1,0,0
1134,"Gentle Slope",1,0,0
1135,"Gentle Slope",1,0,0
1136,"Gentle Slope",1,0,0
1137,"Gentle Slope",1,0,0
1138,"Gentle Slope",1,0,0
1139,"Moderate Slope",0,1,0
1140,"Gentle Slope",1,0,0
1141,"Gentle Slope",1,0,0
1142,"Gentle Slope",1,0,0
1143,"Gentle Slope",1,0,0
1144,"Gentle Slope",1,0,0
1145,"Gentle Slope",1,0,0
1146,"Gentle Slope",1,0,0
1147,"Gentle Slope",1,0,0
1148,"Gentle Slope",1,0,0
1149,"Gentle Slope",1,0,0
1150,"Gentle Slope",1,0,0
1151,"Gentle Slope",1,0,0
1152,"Gentle Slope",1,0,0
1153,"Gentle Slope",1,0,0
1154,"Gentle Slope",1,0,0
1155,"Gentle Slope",1,0,0
1156,"Gentle Slope",1,0,0
1157,"Gentle Slope",1,0,0
1158,"Gentle Slope",1,0,0
1159,"Gentle Slope",1,0,0
1160,"Gentle Slope",1,0,0
1161,"Gentle Slope",1,0,0
1162,"Gentle Slope",1,0,0
1163,"Gentle Slope",1,0,0
1164,"Gentle Slope",1,0,0
1165,"Gentle Slope",1,0,0
1166,"Gentle Slope",1,0,0
1167,"Gentle Slope",1,0,0
1168,"Gentle Slope",1,0,0
1169,"Gentle Slope",1,0,0
1170,"Gentle Slope",1,0,0
1171,"Gentle Slope",1,0,0
1172,"Gentle Slope",1,0,0
1173,"Gentle Slope",1,0,0
1174,"Gentle Slope",1,0,0
1175,"Gentle Slope",1,0,0
1176,"Gentle Slope",1,0,0
1177,"Gentle Slope",1,0,0
1178,"Gentle Slope",1,0,0
1179,"Gentle Slope",1,0,0
1180,"Gentle Slope",1,0,0
1181,"Gentle Slope",1,0,0
1182,"Moderate Slope",0,1,0
1183,"Gentle Slope",1,0,0
1184,"Gentle Slope",1,0,0
1185,"Moderate Slope",0,1,0
1186,"Gentle Slope",1,0,0
1187,"Moderate Slope",0,1,0
1188,"Gentle Slope",1,0,0
1189,"Gentle Slope",1,0,0
1190,"Gentle Slope",1,0,0
1191,"Moderate Slope",0,1,0
1192,"Gentle Slope",1,0,0
1193,"Gentle Slope",1,0,0
1194,"Gentle Slope",1,0,0
1195,"Gentle Slope",1,0,0
1196,"Gentle Slope",1,0,0
1197,"Gentle Slope",1,0,0
1198,"Gentle Slope",1,0,0
1199,"Gentle Slope",1,0,0
1200,"Gentle Slope",1,0,0
1201,"Gentle Slope",1,0,0
1202,"Gentle Slope",1,0,0
1203,"Gentle Slope",1,0,0
1204,"Gentle Slope",1,0,0
1205,"Gentle Slope",1,0,0
1206,"Gentle Slope",1,0,0
1207,"Gentle Slope",1,0,0
1208,"Gentle Slope",1,0,0
1209,"Gentle Slope",1,0,0
1210,"Gentle Slope",1,0,0
1211,"Gentle Slope",1,0,0
1212,"Moderate Slope",0,1,0
1213,"Gentle Slope",1,0,0
1214,"Gentle Slope",1,0,0
1215,"Gentle Slope",1,0,0
1216,"Gentle Slope",1,0,0
1217,"Gentle Slope",1,0,0
1218,"Gentle Slope",1,0,0
1219,"Gentle Slope",1,0,0
1220,"Gentle Slope",1,0,0
1221,"Gentle Slope",1,0,0
1222,"Gentle Slope",1,0,0
1223,"Gentle Slope",1,0,0
1224,"Gentle Slope",1,0,0
1225,"Gentle Slope",1,0,0
1226,"Gentle Slope",1,0,0
1227,"Gentle Slope",1,0,0
1228,"Gentle Slope",1,0,0
1229,"Gentle Slope",1,0,0
1230,"Gentle Slope",1,0,0
1231,"Gentle Slope",1,0,0
1232,"Gentle Slope",1,0,0
1233,"Gentle Slope",1,0,0
1234,"Gentle Slope",1,0,0
1235,"Gentle Slope",1,0,0
1236,"Gentle Slope",1,0,0
1237,"Gentle Slope",1,0,0
1238,"Gentle Slope",1,0,0
1239,"Gentle Slope",1,0,0
1240,"Gentle Slope",1,0,0
1241,"Gentle Slope",1,0,0
1242,"Gentle Slope",1,0,0
1243,"Gentle Slope",1,0,0
1244,"Gentle Slope",1,0,0
1245,"Moderate Slope",0,1,0
1246,"Gentle Slope",1,0,0
1247,"Gentle Slope",1,0,0
1248,"Gentle Slope",1,0,0
1249,"Gentle Slope",1,0,0
1250,"Gentle Slope",1,0,0
1251,"Gentle Slope",1,0,0
1252,"Gentle Slope",1,0,0
1253,"Gentle Slope",1,0,0
1254,"Gentle Slope",1,0,0
1255,"Gentle Slope",1,0,0
1256,"Gentle Slope",1,0,0
1257,"Gentle Slope",1,0,0
1258,"Gentle Slope",1,0,0
1259,"Gentle Slope",1,0,0
1260,"Gentle Slope",1,0,0
1261,"Gentle Slope",1,0,0
1262,"Gentle Slope",1,0,0
1263,"Gentle Slope",1,0,0
1264,"Gentle Slope",1,0,0
1265,"Gentle Slope",1,0,0
1266,"Gentle Slope",1,0,0
1267,"Gentle Slope",1,0,0
1268,"Gentle Slope",1,0,0
1269,"Moderate Slope",0,1,0
1270,"Gentle Slope",1,0,0
1271,"Severe Slope",0,0,1
1272,"Gentle Slope",1,0,0
1273,"Gentle Slope",1,0,0
1274,"Gentle Slope",1,0,0
1275,"Gentle Slope",1,0,0
1276,"Gentle Slope",1,0,0
1277,"Gentle Slope",1,0,0
1278,"Gentle Slope",1,0,0
1279,"Gentle Slope",1,0,0
1280,"Gentle Slope",1,0,0
1281,"Gentle Slope",1,0,0
1282,"Gentle Slope",1,0,0
1283,"Gentle Slope",1,0,0
1284,"Gentle Slope",1,0,0
1285,"Gentle Slope",1,0,0
1286,"Gentle Slope",1,0,0
1287,"Gentle Slope",1,0,0
1288,"Moderate Slope",0,1,0
1289,"Gentle Slope",1,0,0
1290,"Gentle Slope",1,0,0
1291,"Gentle Slope",1,0,0
1292,"Gentle Slope",1,0,0
1293,"Gentle Slope",1,0,0
1294,"Gentle Slope",1,0,0
1295,"Gentle Slope",1,0,0
1296,"Gentle Slope",1,0,0
1297,"Gentle Slope",1,0,0
1298,"Gentle Slope",1,0,0
1299,"Gentle Slope",1,0,0
1300,"Gentle Slope",1,0,0
1301,"Gentle Slope",1,0,0
1302,"Gentle Slope",1,0,0
1303,"Gentle Slope",1,0,0
1304,"Gentle Slope",1,0,0
1305,"Gentle Slope",1,0,0
1306,"Gentle Slope",1,0,0
1307,"Gentle Slope",1,0,0
1308,"Gentle Slope",1,0,0
1309,"Gentle Slope",1,0,0
1310,"Gentle Slope",1,0,0
1311,"Gentle Slope",1,0,0
1312,"Gentle Slope",1,0,0
1313,"Gentle Slope",1,0,0
1314,"Gentle Slope",1,0,0
1315,"Gentle Slope",1,0,0
1316,"Gentle Slope",1,0,0
1317,"Gentle Slope",1,0,0
1318,"Gentle Slope",1,0,0
1319,"Gentle Slope",1,0,0
1320,"Gentle Slope",1,0,0
1321,"Gentle Slope",1,0,0
1322,"Gentle Slope",1,0,0
1323,"Gentle Slope",1,0,0
1324,"Gentle Slope",1,0,0
1325,"Gentle Slope",1,0,0
1326,"Gentle Slope",1,0,0
1327,"Moderate Slope",0,1,0
1328,"Gentle Slope",1,0,0
1329,"Gentle Slope",1,0,0
1330,"Gentle Slope",1,0,0
1331,"Gentle Slope",1,0,0
1332,"Gentle Slope",1,0,0
1333,"Moderate Slope",0,1,0
1334,"Gentle Slope",1,0,0
1335,"Gentle Slope",1,0,0
1336,"Gentle Slope",1,0,0
1337,"Gentle Slope",1,0,0
1338,"Moderate Slope",0,1,0
1339,"Gentle Slope",1,0,0
1340,"Gentle Slope",1,0,0
1341,"Gentle Slope",1,0,0
1342,"Gentle Slope",1,0,0
1343,"Gentle Slope",1,0,0
1344,"Gentle Slope",1,0,0
1345,"Gentle Slope",1,0,0
1346,"Gentle Slope",1,0,0
1347,"Gentle Slope",1,0,0
1348,"Gentle Slope",1,0,0
1349,"Gentle Slope",1,0,0
1350,"Gentle Slope",1,0,0
1351,"Gentle Slope",1,0,0
1352,"Gentle Slope",1,0,0
1353,"Gentle Slope",1,0,0
1354,"Gentle Slope",1,0,0
1355,"Gentle Slope",1,0,0
1356,"Gentle Slope",1,0,0
1357,"Gentle Slope",1,0,0
1358,"Gentle Slope",1,0,0
1359,"Gentle Slope",1,0,0
1360,"Gentle Slope",1,0,0
1361,"Gentle Slope",1,0,0
1362,"Moderate Slope",0,1,0
1363,"Gentle Slope",1,0,0
1364,"Gentle Slope",1,0,0
1365,"Gentle Slope",1,0,0
1366,"Gentle Slope",1,0,0
1367,"Gentle Slope",1,0,0
1368,"Gentle Slope",1,0,0
1369,"Gentle Slope",1,0,0
1370,"Gentle Slope",1,0,0
1371,"Gentle Slope",1,0,0
1372,"Gentle Slope",1,0,0
1373,"Gentle Slope",1,0,0
1374,"Gentle Slope",1,0,0
1375,"Gentle Slope",1,0,0
1376,"Gentle Slope",1,0,0
1377,"Gentle Slope",1,0,0
1378,"Gentle Slope",1,0,0
1379,"Gentle Slope",1,0,0
1380,"Gentle Slope",1,0,0
1381,"Gentle Slope",1,0,0
1382,"Gentle Slope",1,0,0
1383,"Gentle Slope",1,0,0
1384,"Gentle Slope",1,0,0
1385,"Gentle Slope",1,0,0
1386,"Gentle Slope",1,0,0
1387,"Gentle Slope",1,0,0
1388,"Gentle Slope",1,0,0
1389,"Gentle Slope",1,0,0
1390,"Gentle Slope",1,0,0
1391,"Gentle Slope",1,0,0
1392,"Gentle Slope",1,0,0
1393,"Gentle Slope",1,0,0
1394,"Gentle Slope",1,0,0
1395,"Gentle Slope",1,0,0
1396,"Gentle Slope",1,0,0
1397,"Severe Slope",0,0,1
1398,"Gentle Slope",1,0,0
1399,"Gentle Slope",1,0,0
1400,"Gentle Slope",1,0,0
1401,"Gentle Slope",1,0,0
1402,"Gentle Slope",1,0,0
1403,"Gentle Slope",1,0,0
1404,"Gentle Slope",1,0,0
1405,"Gentle Slope",1,0,0
1406,"Moderate Slope",0,1,0
1407,"Gentle Slope",1,0,0
1408,"Gentle Slope",1,0,0
1409,"Gentle Slope",1,0,0
1410,"Gentle Slope",1,0,0
1411,"Gentle Slope",1,0,0
1412,"Gentle Slope",1,0,0
1413,"Gentle Slope",1,0,0
1414,"Gentle Slope",1,0,0
1415,"Gentle Slope",1,0,0
1416,"Gentle Slope",1,0,0
1417,"Gentle Slope",1,0,0
1418,"Gentle Slope",1,0,0
1419,"Gentle Slope",1,0,0
1420,"Gentle Slope",1,0,0
1421,"Gentle Slope",1,0,0
1422,"Gentle Slope",1,0,0
1423,"Gentle Slope",1,0,0
1424,"Gentle Slope",1,0,0
1425,"Gentle Slope",1,0,0
1426,"Gentle Slope",1,0,0
1427,"Gentle Slope",1,0,0
1428,"Gentle Slope",1,0,0
1429,"Gentle Slope",1,0,0
1430,"Gentle Slope",1,0,0
1431,"Gentle Slope",1,0,0
1432,"Gentle Slope",1,0,0
1433,"Gentle Slope",1,0,0
1434,"Gentle Slope",1,0,0
1435,"Moderate Slope",0,1,0
1436,"Gentle Slope",1,0,0
1437,"Gentle Slope",1,0,0
1438,"Gentle Slope",1,0,0
1439,"Gentle Slope",1,0,0
1440,"Gentle Slope",1,0,0
1441,"Moderate Slope",0,1,0
1442,"Gentle Slope",1,0,0
1443,"Gentle Slope",1,0,0
1444,"Gentle Slope",1,0,0
1445,"Gentle Slope",1,0,0
1446,"Gentle Slope",1,0,0
1447,"Gentle Slope",1,0,0
1448,"Gentle Slope",1,0,0
1449,"Gentle Slope",1,0,0
1450,"Gentle Slope",1,0,0
1451,"Gentle Slope",1,0,0
1452,"Gentle Slope",1,0,0
1453,"Gentle Slope",1,0,0
1454,"Gentle Slope",1,0,0
1455,"Gentle Slope",1,0,0
1456,"Gentle Slope",1,0,0
1457,"Gentle Slope",1,0,0
1458,"Gentle Slope",1,0,0
1459,"Gentle Slope",1,0,0
1460,"Gentle Slope",1,0,0
